rank,title,severity,surface,effort,effort_days,pxl_score,pxl_max,verified,impact,summary,problem,recommended_change,evidence,analysts_agreeing,opportunity_low,opportunity_high,opportunity_basis,sample_per_variant,test_days,detail_page
1,Value proposition fragmented,MEDIUM,Homepage,Medium,2-5 days,6,10,yes,conversion,Three competing h1 messages dilute the value proposition above the fold.,Three competing h1 messages dilute the value proposition above the fold.,h1: Reliable Internet That Works Anywhere in the U.S.; cta: CHECK COVERAGE; notes: Consolidate into one clear value proposition.,The page's main headline reads “Reliable Internet That Works Anywhere in the U.S”. | The page's main headline reads “Internet That Just Works”. | The page's main headline reads “Let's Get You the Right Internet”.,Message Clarity,0.1,0.4,"per 1,000 visitors at an assumed 2.00% baseline conversion rate and a 0.5-2.0% relative lift",1941808,,finding_1_value_proposition_fragmented.html
2,Qualification language vague,MEDIUM,Homepage,Medium,2-5 days,6,10,yes,conversion,"CTAs ask to check coverage but do not explain what qualification means, leaving visitors uncertain.","CTAs ask to check coverage but do not explain what qualification means, leaving visitors uncertain.",h1: Let's Get You the Right Internet; cta: CHECK COVERAGE; notes: Add explanatory sentence near CTAs.,"7 distinct calls to action compete on the same page: “CHECK COVERAGE”, “CHECK IF IT WORKS AT MY ADDRESS”, “SEE MY OPTIONS”, “GET STARTED”, “START CHAT”, “SEE WHAT I QUALIFY FOR”, “CHECK MY COVERAGE”. | A section heading reads “You qualify for everything”.",Message Clarity,0.1,0.4,"per 1,000 visitors at an assumed 2.00% baseline conversion rate and a 0.5-2.0% relative lift",1941808,,finding_2_qualification_language_vague.html
3,Competing CTAs split funnel,URGENT,Pricing & Plans,Low,0.5-2 days,5,10,yes,conversion,"Multiple competing CTAs fragment the primary path, creating ambiguity about which action advances the user.","Multiple competing CTAs fragment the primary path, creating ambiguity about which action advances the user.","h1: Reliable Internet That Works Anywhere in the U.S.; cta: CHECK COVERAGE (primary), de-emphasize secondary CTAs; notes: Consolidate coverage-check CTAs into one consistent primary action label.",CHECK COVERAGE | CHECK IF IT WORKS AT MY ADDRESS | SEE MY OPTIONS | GET STARTED | START CHAT | SEE WHAT I QUALIFY FOR | CHECK MY COVERAGE,Funnel Path,0.4,1.6,"per 1,000 visitors at an assumed 2.00% baseline conversion rate and a 2.0-8.0% relative lift",124891,,finding_3_competing_ctas_split_funnel.html
4,Duplicate forms create ambiguity,URGENT,Pricing & Plans,Medium,2-5 days,5,10,yes,conversion,Two identical CONTINUE forms on the same page create ambiguity about the intended next step.,Two identical CONTINUE forms on the same page create ambiguity about the intended next step.,h1: Let's Get You the Right Internet; cta: CONTINUE (single); notes: Render a single coverage-check form per page.,Two identical CONTINUE forms appear on the same pages,Funnel Path,0.4,1.6,"per 1,000 visitors at an assumed 2.00% baseline conversion rate and a 2.0-8.0% relative lift",124891,,finding_4_duplicate_forms_create_ambiguity.html
5,Pricing shown before qualification,HIGH,Pricing & Plans,Medium,2-5 days,5,10,yes,conversion,Prices displayed before coverage qualification cause users to self-select out based on sticker price.,Prices displayed before coverage qualification cause users to self-select out based on sticker price.,h1: Reliable Internet That Works Anywhere in the U.S.; cta: CHECK COVERAGE; notes: Move pricing display to after coverage qualification.,Prices shown on the page: $99.95/month $129.95/month $99.95/Mo $99.95/month $129.95/month $99.95 | A section heading reads “$99.95 /month”. | A section heading reads “$129.95 /month”.,Funnel Path,0.2,1.0,"per 1,000 visitors at an assumed 2.00% baseline conversion rate and a 1.0-5.0% relative lift",315206,,finding_5_pricing_shown_before_qualification.html
6,Pricing ambiguity near form,MEDIUM,Pricing & Plans,Medium,2-5 days,5,10,yes,conversion,Conflicting price points and fees near the CONTINUE form create uncertainty about commitment.,Conflicting price points and fees near the CONTINUE form create uncertainty about commitment.,h1: Let's Get You the Right Internet; cta: CONTINUE; notes: Clarify which price applies and disclose fees.,A section heading reads “$99.95 /month”. | A section heading reads “$129.95 /month”. | A section heading reads “$0.00 (one-time)”. | A section heading reads “$99.99 (one-time)”.,Form & Interaction Friction,0.1,0.4,"per 1,000 visitors at an assumed 2.00% baseline conversion rate and a 0.5-2.0% relative lift",1941808,,finding_6_pricing_ambiguity_near_form.html
7,Repeated identical headings,MEDIUM,Pricing & Plans,Low,0.5-2 days,5,10,yes,traffic,Identical h1 headings across pages provide no distinct navigation cues.,Identical h1 headings across pages provide no distinct navigation cues.,h1: Unique descriptive h1 per page; cta: CHECK COVERAGE; notes: Give each page a unique h1.,The page's main headline reads “Let's Get You the Right Internet”. | The page's main headline reads “What Best Describes Your Time on the Road?”. | The page's main headline reads “How Do You Use the Internet at Home?”.,Navigation & Information Scent,0.1,0.4,"per 1,000 visitors at an assumed 2.00% baseline conversion rate and a 0.5-2.0% relative lift",1941808,,finding_7_repeated_identical_headings.html
8,Conflicting page titles,HIGH,/Pages/Rural-Internet,Medium,2-5 days,4,10,yes,traffic,"The page title misleads visitors about content, breaking navigation scent.","The page title misleads visitors about content, breaking navigation scent.",h1: Let's Get You the Right Internet; cta: CHECK COVERAGE; notes: Update title to accurately describe content.,The browser title reads “How Nomad Internet Works - YouTube”. | The page's main headline reads “Let's Get You the Right Internet”.,Navigation & Information Scent,0.2,1.0,"per 1,000 visitors at an assumed 2.00% baseline conversion rate and a 1.0-5.0% relative lift",315206,,finding_8_conflicting_page_titles.html
9,Guarantee claims lack backing,MEDIUM,/Pages/Rural-Internet Page,Low,0.5-2 days,4,10,yes,trust,"The 'SHOP WITH CONFIDENCE' claim lacks visible guarantee details, undermining trust.","The 'SHOP WITH CONFIDENCE' claim lacks visible guarantee details, undermining trust.",h1: Let's Get You the Right Internet; cta: CHECK COVERAGE; notes: Add explicit guarantee terms under heading.,A section heading reads “SHOP WITH CONFIDENCE”. | A section heading reads “Real Stories from Real Users”. | A section heading reads “Why Nomad?”.,Trust & Social Proof,0.1,0.4,"per 1,000 visitors at an assumed 2.00% baseline conversion rate and a 0.5-2.0% relative lift",1941808,,finding_9_guarantee_claims_lack_backing.html
